<?xml version="1.0" encoding="UTF-8" standalone="yes"?>
<addon id="script.ike.pairwith"
  name="Ike Pair"
  version="5.2" 
  provider-name="Ike">
  <requires>
    <import addon="xbmc.python" version="2.1.0"/>
  </requires>
  <extension point="xbmc.python.script" library="addon.py">
    <provides>executable</provides>
  </extension>
  <extension point="xbmc.addon.metadata">
    <platform>all</platform>
    <summary lang="en">Ike Pair</summary>
    <description lang="en">Ike Pair</description>
	<disclaimer>Ike Pair</disclaimer>
  </extension>
</addon>
